{"acc": 0.9882449001240067, "loss": 0.007032950731098332, "_timestamp": 1716469571.845228, "_runtime": 106.20543003082275, "_step": 97, "_wandb": {"runtime": 103}}